Ro,R1,C1,R2,C2,R2 fit,RMS
0.07675702891893683,0.009788459735091714,100.32037488002521,0.005742218276874299,1000.8085957878096,0.8361687060814971,0.2831921651603568
