Ro,R1,C1,R2,C2,R2 fit,RMS
0.061542392049222565,0.011996009172050737,103.90001209237793,0.004928936973653506,981.49127891122,0.8422149924009861,0.1858731911370812
