Ro,R1,C1,R2,C2,R2 fit,RMS
0.0602527862614573,0.0076525595515637476,103.59144681734175,0.001753217666101177,1054.8110803842014,0.8878995345681416,0.3065942777586836
