Ro,R1,C1,R2,C2,R2 fit,RMS
0.06231323389283747,0.0067537525266361895,105.83060535388584,0.0003278434703254454,1009.8612230485423,0.8503446262277018,0.6034053652896278
