Ro,R1,C1,R2,C2,R2 fit,RMS
0.11933177957610473,0.013580589172529817,86.15813381757495,0.0503289571474093,870.6024177737396,0.9518378095755226,0.08610138423030997
