Ro,R1,C1,R2,C2,R2 fit,RMS
0.10122208130958321,0.014062801255793553,91.32961490766557,0.02745368476364795,940.0472617645421,0.9747052667173004,0.0819433508494709
