OCV,Ro,delta_t,a1,a2,tau1,tau2,r2
3.234037160873413,0.355358109185767,1.015530060727574,-0.41038806370170966,-0.16825576148710517,137.385899977882,1397.0964061730285,0.9930595010357844
